-- Script de povoamento --

-- Inserção de Clientes
insert into Cliente values
(15017191,'joaoamoras@gmail.com', 'João', 'Amorim') ,
(15013291,'manelchaves@gmail.com', 'Manuel', 'Chaves'),
(15087965, 'pereira.bruno.0227@gmail.com', 'Bruno', 'Pereira') ,
(12376763, 'maestrovitorino@live.com.pt',  'Victorino', 'de Almeida') ,
(19759123, 'carlosdamaia@hotmail.com','Carlos', 'da Maia') ,
(14738217, 'andre12021996@gmail.com',  'João', 'Gonçalves') , 
(13844774, 'mari-500@hotmail.com',  'Maria', 'Brito') ,
(13769420,'disilva@live.com.pt','Diogo', 'Silva') ,
(15013191,'carlosSilva@hotmail.com', 'Carlos', 'Silva') ,
(15310191,'ricardoMiguel@sapo.pt',  'Ricardo', 'Miguel') ,
(15010198,'armandoMarta@live.com.pt', 'Armando', 'Marta') ,
(15014319,'carlatrafariartp87@gmail.com','Carla', 'Trafaria') ,
(15010134,'ruteruterute97@gmail.com','Rute', 'Castro') ,
(12110191,'martadfernandes@live.com.pt','Marta', 'Fernandes') ,
(15010131,'tochaves@live.com.pt','António', 'Medeiros') ,
(15040191,'santapaciencia@live.com.pt','Fátima', 'Paciência') ,
(35040191,'bigbrotheriswatchingu@live.com.pt','Eric', 'Blair') ,
(15043191,'steve147@sapo.pt', 'Steve', 'Davis') ,
(11040191,'ruicosta@live.com.pt','Rui', 'Costa') ,
(15045491,'brunagomas@live.com.pt','Bruna', 'Vanessa') ,
(15040169,'luciosilv57@live.com.pt','Lúcio', 'Silva') ,
(19817191,'dunasETanalee@hotmail.com', 'Rui', 'Reininho') ,
(15417191,'dquixotedelamancha@gmail.com','Miguel', 'Cervantes') ,
(15817191,'veloso_sofia_1987@gmail.com','Sofia', 'Veloso') ,
(15917191,'baixista@gmail.com', 'Paulo','McCartney') ,
(15017171,'johntravolta@sapo.pt', 'Vincente','Vega') ,
(15686384,'katietheveryfastswimmer@gmail.com', 'Katie', 'Ledecky') ,
(17463738, 'pavelnedved03@sapo.pt', 'Pavel', 'Nedved') ,
(15011541,'luisboamorte@sapo.pt','Luís','Henriques') ,
(14312090,'anabela@sapo.pt', 'Anabela','Santos') ,
(12432165,'anastbarros@hotmail.com', 'Anastácia','Barros') ,
(13456123,'di_ana@sapo.pt', 'Diana','Carreira') ,
(12833423,'carlota_12@sapo.pt', 'Carlota','Monteiro') ,
(18671234,'mariana_dias@sapo.pt', 'Mariana','Dias') ,
(12124345,'princess@gmail.com', 'Princesa','Leia') ,
(15123341,'sandra_rod@sapo.pt','Sandra','Rodrigues') ,
(15945612,'mimi_xavs@sapo.pt', 'Mimi','Xavier') ,
(15412356,'rita-mota-02@sapo.pt','Rita','Mota') ,
(15752244,'napolas@hotmail.com', 'Napoleão','Gato') ,
(15111232,'alexis@sapo.pt', 'Alexandre','Almeida') ,
(15624522,'sammy@sapo.pt', 'Samuel','Leal') ,
(13654789,'special@one.co.uk', 'Jose','Mourinho') ,
(12354687,'calibri@gmail.com','Pedro','Pinto') ,
(15665974,'panda@panda.pt','Vale','Santos') ,
(12323512,'jonas@sapo.pt','Joaquim','Batata');

 -- Inserção de Viagens
insert into Viagem values
('POBR1900', 7.99,'Porto','Braga', '19:00:00','N'),
('POBR1600', 7.99,'Porto','Braga', '16:00:00','N'),
('POBR1200', 7.99,'Porto','Braga', '12:00:00','N'),
('BRLB0630', 49.50,'Braga','Lisboa','06:30:00','N'),
('BRLB1112', 49.50,'Braga','Lisboa','11:12:00','N'),
('LBBR1000', 49.50,'Lisboa','Braga','10:00:00','N'),
('LBBR0425', 49.50,'Lisboa','Braga','04:25:00','N'),
('POLB1115', 37.50,'Porto','Lisboa','11:15:00','N'),
('POLB1545', 37.50,'Porto','Lisboa','15:45:00','N'),
('POLB1845', 37.50,'Porto','Lisboa','18:45:00','N'),
('LBPO2345', 37.50,'Lisboa','Porto','23:45:00','N'),
('LBPO0300', 37.50,'Lisboa','Porto','03:00:00','N'),
('LBPO0623', 37.50,'Lisboa','Porto','06:23:00','N'),
('POMD1240', 79.50,'Porto','Madrid','12:40:00','I'),
('POMD1545', 79.50,'Porto','Madrid','15:45:00','I'),
('POMD1855', 79.50,'Porto','Madrid','18:55:00','I'),
('MDPO0250', 69.50,'Madrid','Porto','02:50:00','I'),
('MDPO0600', 69.50,'Madrid','Porto','06:00:00','I'),
('LBBC0030',100.99,'Lisboa','Barcelona','00:30:00','I'),
('LBBC0530',100.99,'Lisboa','Barcelona','05:30:00','I'),
('BCLB0300', 110.99,'Barcelona','Lisboa','03:00:00','I'),
('BCLB1500', 110.99,'Barcelona','Lisboa','15:00:00','I'),
('PESE0915', 149.50,'Penafiel','Sevilha','09:15:00','I'),
('PESE1635', 149.50,'Penafiel','Sevilha','16:35:00','I'),
('SEPE1900', 165.99,'Sevilha','Penafiel','19:00:00','I'),
('SEPE2215', 165.99,'Sevilha','Penafiel','22:15:00','I'),
('BRCO0930', 39.50,'Braga','Coimbra','09:30:00','N'),
('BRCO1135', 39.50,'Braga','Coimbra','11:35:00','N'), 
('COBR2030', 39.50,'Coimbra','Braga','20:30:00','N'),
('COBR1310', 39.50,'Coimbra','Braga','13:10:00','N'),
('POPA0705', 200.99,'Porto','Paris','07:05:00','I'),
('POPA1155', 200.99,'Porto','Paris','11:55:00','I'),
('PAPO1239', 230.99,'Paris','Porto', '12:39:00','I'),
('PAPO2330', 230.99,'Paris','Porto', '23:30:00','I'), 
('LBMR0920', 270.50,'Lisboa','Marselha','09:20:00','I'),
('LBMR1425', 270.50,'Lisboa','Marselha','14:25:00','I'),
('MRLB2230', 300.01,'Marselha','Lisboa','22:30:00','I'),
('MRLB1240', 300.01,'Marselha','Lisboa','12:40:00','I'),
('CBBE0530', 350.99,'Castelo Branco','Berlim','05:30:00','I'),
('CBBE1539', 350.99,'Castelo Branco','Berlim','15:39:00','I'),
('BECB1535', 330.25,'Berlim','Castelo Branco','15:35:00','I'),
('BECB1750', 330.25,'Berlim','Castelo Branco','17:50:00','I');

-- Inserção de comboios
insert into Comboio values
(null),
(null),
(null),
(null),
(null);

-- Inserção de lugares
insert into Lugar values
(1, '1A', 1, 'A', 9),
(1, '2A', 1, 'A', 9),
(1, '3A', 1, 'A', 9),
(1, '4A', 1, 'A', 9),
(1, '5A', 1, 'A', 9),
(1, '6A', 1, 'A', 9),
(1, '7A', 2, 'A', 5),
(1, '8A', 2, 'A', 5),
(1, '1B', 2, 'B', 5),
(1, '2B', 2, 'B', 5),
(1, '3B', 2, 'B', 5),
(1, '4B', 2, 'B', 5),
(1, '5B', 3, 'B', 0),
(1, '6B', 3, 'B', 0),
(1, '7B', 3, 'B', 0),
(1, '8B', 3, 'B', 0),
(1, '1C', 3, 'C', 0),
(1, '2C', 3, 'C', 0),
(1, '3C', 3, 'C', 0),
(1, '4C', 3, 'C', 0),
(1, '5C', 3, 'C', 0),
(1, '6C', 3, 'C', 0),
(1, '7C', 3, 'C', 0),
(1, '8C', 3, 'C', 0),
(2, '1A', 1, 'A', 9),
(2, '2A', 1, 'A', 9),
(2, '3A', 1, 'A', 9),
(2, '4A', 1, 'A', 9),
(2, '5A', 1, 'A', 9),
(2, '6A', 1, 'A', 9),
(2, '7A', 2, 'A', 5),
(2, '8A', 2, 'A', 5),
(2, '1B', 2, 'B', 5),
(2, '2B', 2, 'B', 5),
(2, '3B', 2, 'B', 5),
(2, '4B', 2, 'B', 5),
(2, '5B', 3, 'B', 0),
(2, '6B', 3, 'B', 0),
(2, '7B', 3, 'B', 0),
(2, '8B', 3, 'B', 0),
(2, '1C', 3, 'C', 0),
(2, '2C', 3, 'C', 0),
(2, '3C', 3, 'C', 0),
(2, '4C', 3, 'C', 0),
(2, '5C', 3, 'C', 0),
(2, '6C', 3, 'C', 0),
(2, '7C', 3, 'C', 0),
(2, '8C', 3, 'C', 0),
(3, '1A', 1, 'A', 9),
(3, '2A', 1, 'A', 9),
(3, '3A', 1, 'A', 9),
(3, '4A', 1, 'A', 9),
(3, '5A', 1, 'A', 9),
(3, '6A', 1, 'A', 9),
(3, '7A', 2, 'A', 5),
(3, '8A', 2, 'A', 5),
(3, '1B', 2, 'B', 5),
(3, '2B', 2, 'B', 5),
(3, '3B', 2, 'B', 5),
(3, '4B', 2, 'B', 5),
(3, '5B', 3, 'B', 0),
(3, '6B', 3, 'B', 0),
(3, '7B', 3, 'B', 0),
(3, '8B', 3, 'B', 0),
(3, '1C', 3, 'C', 0),
(3, '2C', 3, 'C', 0),
(3, '3C', 3, 'C', 0),
(3, '4C', 3, 'C', 0),
(3, '5C', 3, 'C', 0),
(3, '6C', 3, 'C', 0),
(3, '7C', 3, 'C', 0),
(3, '8C', 3, 'C', 0),
(4, '1A', 1, 'A', 9),
(4, '2A', 1, 'A', 9),
(4, '3A', 1, 'A', 9),
(4, '4A', 1, 'A', 9),
(4, '5A', 1, 'A', 9),
(4, '6A', 1, 'A', 9),
(4, '7A', 2, 'A', 5),
(4, '8A', 2, 'A', 5),
(4, '1B', 2, 'B', 5),
(4, '2B', 2, 'B', 5),
(4, '3B', 2, 'B', 5),
(4, '4B', 2, 'B', 5),
(4, '5B', 3, 'B', 0),
(4, '6B', 3, 'B', 0),
(4, '7B', 3, 'B', 0),
(4, '8B', 3, 'B', 0),
(4, '1C', 3, 'C', 0),
(4, '2C', 3, 'C', 0),
(4, '3C', 3, 'C', 0),
(4, '4C', 3, 'C', 0),
(4, '5C', 3, 'C', 0),
(4, '6C', 3, 'C', 0),
(4, '7C', 3, 'C', 0),
(4, '8C', 3, 'C', 0),
(5, '1A', 1, 'A', 9),
(5, '2A', 1, 'A', 9),
(5, '3A', 1, 'A', 9),
(5, '4A', 1, 'A', 9),
(5, '5A', 1, 'A', 9),
(5, '6A', 1, 'A', 9),
(5, '7A', 2, 'A', 5),
(5, '8A', 2, 'A', 5),
(5, '1B', 2, 'B', 5),
(5, '2B', 2, 'B', 5),
(5, '3B', 2, 'B', 5),
(5, '4B', 2, 'B', 5),
(5, '5B', 3, 'B', 0),
(5, '6B', 3, 'B', 0),
(5, '7B', 3, 'B', 0),
(5, '8B', 3, 'B', 0),
(5, '1C', 3, 'C', 0),
(5, '2C', 3, 'C', 0),
(5, '3C', 3, 'C', 0),
(5, '4C', 3, 'C', 0),
(5, '5C', 3, 'C', 0),
(5, '6C', 3, 'C', 0),
(5, '7C', 3, 'C', 0),
(5, '8C', 3, 'C', 0);

-- Inserção na tabela viagemcomboio
insert into ViagemComboio values
(1,'POBR1900', '2017-01-09'),
(2,'POBR1600', '2017-11-21'),
(3,'POBR1200', '2017-02-27'),
(4,'BRLB0630', '2017-12-02'),
(5,'BRLB1112', '2017-03-03'),
(1,'LBBR1000', '2017-12-01'),
(2,'LBBR0425', '2017-03-30'),
(3,'POLB1115', '2017-03-15'),
(4,'POLB1545', '2017-04-19'),
(5,'POLB1845', '2017-04-22'),
(1,'LBPO2345', '2017-10-05'),
(2,'LBPO0300', '2017-05-16'),
(4,'LBPO0623', '2017-03-06'),
(3,'POMD1240', '2017-06-06'),
(4,'POMD1545', '2017-12-07'),
(5,'POMD1855', '2017-11-07'),
(1,'MDPO0250', '2017-12-07'),
(2,'MDPO0600', '2017-01-08'),
(3,'LBBC0030', '2017-11-08'),
(4,'LBBC0530', '2017-08-08'),
(5,'BCLB0300', '2017-11-08'),
(1,'BCLB1500', '2017-03-09'),
(2,'PESE0915', '2017-07-09'),
(3,'PESE1635', '2017-10-09'),
(4,'SEPE1900', '2017-05-09'),
(5,'SEPE2215', '2017-05-09'),
(1,'BRCO0930', '2017-10-09'),
(2,'BRCO1135', '2017-12-09'),
(3,'COBR2030', '2017-02-10'),
(4,'COBR1310', '2017-12-10'),
(5,'POPA0705', '2017-10-10'),
(1,'POPA1155', '2017-11-11'),
(2,'PAPO1239', '2017-02-11'),
(3,'PAPO2330', '2017-09-11'),
(4,'LBMR0920', '2017-01-12'),
(5,'LBMR1425', '2017-05-12'),
(1,'MRLB2230', '2017-11-12'),
(2,'MRLB1240', '2017-04-12'),
(3,'CBBE0530', '2017-07-12'),
(4,'CBBE1539', '2017-03-12'),
(5,'BECB1535', '2017-05-01'),
(1,'BECB1750', '2017-09-01');

-- Inserção de reservas
insert into Reserva values
(null, '1A', 15017191, 'POPA1155', '2017-11-11'),
(null, '2A', 15013291, 'POPA1155', '2017-11-11'),
(null, '3A', 15087965, 'POPA1155', '2017-11-11'),
(null, '4A', 12376763, 'POPA1155', '2017-11-11'),
(null, '5A', 19759123, 'POPA1155', '2017-11-11'),
(null, '6A', 13844774, 'POPA1155', '2017-11-11'),
(null, '7A', 13769420, 'POPA1155', '2017-11-11'),
(null, '8A', 14738217, 'POPA1155', '2017-11-11'),
(null, '1B', 15013191, 'POPA1155', '2017-11-11'),
(null, '2B', 15010198, 'POPA1155', '2017-11-11'),
(null, '3B', 15014319, 'POPA1155', '2017-11-11'),
(null, '4B', 15010134, 'POPA1155', '2017-11-11'),
(null, '5B', 12110191, 'POPA1155', '2017-11-11'),
(null, '6B', 15010131, 'POPA1155', '2017-11-11'),
(null, '7B', 15040191, 'POPA1155', '2017-11-11'),
(null, '8B', 15310191, 'POPA1155', '2017-11-11'),
(null, '1C', 11040191 , 'POPA1155', '2017-11-11'),
(null, '2C', 15040169 , 'POPA1155', '2017-11-11'),
(null, '3C', 15417191 , 'POPA1155', '2017-11-11'),
(null, '4C', 15817191 , 'POPA1155', '2017-11-11'),
(null, '5C', 15917191 , 'POPA1155', '2017-11-11'),
(null, '6C', 15017171 , 'POPA1155', '2017-11-11'),
(null, '7C', 15686384 , 'POPA1155', '2017-11-11'),
(null, '8C', 17463738 , 'POPA1155', '2017-11-11'),
(null, '1A', 12323512, 'LBPO2345', '2017-10-05'),
(null, '5A', 15624522, 'POBR1900', '2017-01-09'),
(null, '8A', 15111232, 'POBR1600', '2017-11-21'),
(null, '2A', 15752244, 'POBR1200', '2017-02-27'),
(null, '3A', 15412356, 'BRLB0630', '2017-12-02'),
(null, '4A', 15945612, 'BRLB1112', '2017-03-03'),
(null, '6A', 15123341, 'LBBR1000', '2017-12-01'),
(null, '1A', 15417191, 'LBBR0425', '2017-03-30'),
(null, '5A', 15817191, 'POLB1115', '2017-03-15'),
(null, '8A', 15917191, 'POLB1545', '2017-04-19'),
(null, '2A', 15017171, 'POLB1845', '2017-04-22'),
(null, '3A', 15686384, 'LBPO2345', '2017-10-05'),
(null, '4A', 17463738, 'LBPO0300', '2017-05-16'),
(null, '6A', 15011541, 'LBPO0623', '2017-03-06'),
(null, '6A', 14312090, 'LBBR0425', '2017-03-30'),
(null, '3B', 12432165, 'POLB1115', '2017-03-15'),
(null, '1A', 13456123, 'POLB1545', '2017-04-19'),
(null, '3C', 12833423, 'POLB1845', '2017-04-22'),
(null, '5C', 18671234, 'LBPO2345', '2017-10-05'),
(null, '1A', 12124345, 'LBPO0300', '2017-05-16'),
(null, '8A', 14312090, 'LBPO0623', '2017-03-06'),
(null, '1A', 15417191, 'POMD1240', '2017-06-06'),
(null, '5B', 15817191, 'POMD1545', '2017-12-07'),
(null, '8C', 15917191, 'POMD1855', '2017-11-07'),
(null, '2B', 15017171, 'MDPO0250', '2017-12-07'),
(null, '1A', 15686384, 'MDPO0600', '2017-01-08'),
(null, '4A', 17463738, 'LBBC0030', '2017-11-08'),
(null, '6B', 15011541, 'LBBC0530', '2017-08-08'),
(null, '6C', 14312090, 'BCLB0300', '2017-11-08'),
(null, '3B', 12432165, 'BCLB1500', '2017-03-09'),
(null, '1C', 13456123, 'PESE0915', '2017-07-09'),
(null, '3A', 12833423, 'PESE1635', '2017-10-09'),
(null, '5B', 18671234, 'SEPE1900', '2017-05-09'),
(null, '1A', 12124345, 'SEPE2215', '2017-05-09'),
(null, '6A', 35040191, 'POMD1240', '2017-06-06'),
(null, '5C', 15043191, 'POMD1545', '2017-12-07'),
(null, '1C', 11040191, 'POMD1855', '2017-11-07'),
(null, '5B', 15045491, 'MDPO0250', '2017-12-07'),
(null, '7A', 15040169, 'MDPO0600', '2017-01-08'),
(null, '3A', 19817191, 'LBBC0030', '2017-11-08'),
(null, '2B', 15417191, 'LBBC0530', '2017-08-08'),
(null, '4C', 15817191, 'BCLB0300', '2017-11-08'),
(null, '4B', 15917191, 'BCLB1500', '2017-03-09'),
(null, '4C', 15017171, 'PESE0915', '2017-07-09'),
(null, '4A', 15686384, 'PESE1635', '2017-10-09'),
(null, '4B', 17463738, 'SEPE1900', '2017-05-09'),
(null, '4A', 15011541, 'SEPE2215', '2017-05-09'),
(null, '3A', 14312090, 'BRCO0930', '2017-10-09'),
(null, '3B', 15017191, 'POPA0705', '2017-10-10'),
(null, '3B', 15017191, 'POPA0705', '2017-10-09');
